Variable,Coef,SE,t,p
Constant,-5.748664362792624,1.4117016518172796,-4.072152466062772,4.670953707214923e-05
urbanization_rate,0.952164644994578,0.015676559556845052,60.73811294767304,0.0
poverty_headcount,0.48288460300127767,0.01680168518298493,28.740248239521534,4.9782580516904e-179
road_density_km_per_sqkm,10.997547586030976,0.27377835700850167,40.169528761141144,0.0
population_density,0.009056956068155653,0.00029504747799526283,30.69660560969468,1.5757903211056356e-203
literacy_rate,-0.16807945338398156,0.018086805430862624,-9.292932023096643,1.6072749135141313e-20
